﻿L_Gesture_Type,L_Response,L_Frequency,L_Percent
ArmRaise,Let's go,150,50
ArmRaise,Let's play,97,32.33333333
ArmRaise,Give it to me,47,15.66666667
ArmRaise,Move closer,6,2
ArmSwing,Let's go,151,50.33333333
ArmSwing,Change position,70,23.33333333
ArmSwing,Stop that,57,19
ArmSwing,Move away,22,7.333333333
Beckon,Move closer,250,83.33333333
Beckon,Give it to me,37,12.33333333
Beckon,Let's play,11,3.666666667
Beckon,Change position,2,0.666666667
GrabHold,Let's be friends,152,50.66666667
GrabHold,Let's go,70,23.33333333
GrabHold,Stop that,61,20.33333333
GrabHold,Move closer,17,5.666666667
HandFling,Move away,232,77.33333333
HandFling,Stop that,60,20
HandFling,Change position,7,2.333333333
HandFling,Let's play,1,0.333333333
HandShake,Stop that,222,74
HandShake,Let's play,65,21.66666667
HandShake,Let's be friends,11,3.666666667
HandShake,Move closer,2,0.666666667
HitObject,Stop that,272,90.66666667
HitObject,Let's play,21,7
HitObject,Give it to me,5,1.666666667
HitObject,Move away,2,0.666666667
Push,Let's go,116,38.66666667
Push,Move closer,76,25.33333333
Push,Stop that,68,22.66666667
Push,Move away,40,13.33333333
ReachPalm,Give it to me,257,85.66666667
ReachPalm,Let's be friends,32,10.66666667
ReachPalm,Change position,9,3
ReachPalm,Move away,2,0.666666667
ReachWrist,Change position,95,31.66666667
ReachWrist,Give it to me,80,26.66666667
ReachWrist,Move closer,74,24.66666667
ReachWrist,Let's be friends,51,17